date,day-stars,total-stars
06-10-2015,0,0
07-10-2015,0,0
08-10-2015,0,0
09-10-2015,0,0
10-10-2015,0,0
11-10-2015,0,0
12-10-2015,0,0
13-10-2015,0,0
14-10-2015,0,0
15-10-2015,0,0
16-10-2015,0,0
17-10-2015,0,0
18-10-2015,0,0
19-10-2015,0,0
20-10-2015,0,0
21-10-2015,0,0
22-10-2015,0,0
23-10-2015,0,0
24-10-2015,0,0
25-10-2015,0,0
26-10-2015,0,0
27-10-2015,0,0
28-10-2015,0,0
29-10-2015,0,0
30-10-2015,0,0
31-10-2015,1,1
01-11-2015,0,1
02-11-2015,0,1
03-11-2015,4,5
04-11-2015,1,6
05-11-2015,3,9
06-11-2015,3,12
07-11-2015,0,12
08-11-2015,1,13
09-11-2015,6,19
10-11-2015,0,19
11-11-2015,3,22
12-11-2015,5,27
13-11-2015,2,29
14-11-2015,0,29
15-11-2015,2,31
16-11-2015,1,32
17-11-2015,1,33
18-11-2015,3,36
19-11-2015,0,36
20-11-2015,0,36
21-11-2015,1,37
22-11-2015,0,37
23-11-2015,1,38
24-11-2015,0,38
25-11-2015,0,38
26-11-2015,4,42
27-11-2015,0,42
28-11-2015,0,42
29-11-2015,0,42
30-11-2015,0,42
01-12-2015,0,42
02-12-2015,1,43
03-12-2015,1,44
04-12-2015,0,44
05-12-2015,0,44
06-12-2015,1,45
07-12-2015,0,45
08-12-2015,1,46
09-12-2015,1,47
10-12-2015,0,47
11-12-2015,1,48
12-12-2015,0,48
13-12-2015,0,48
14-12-2015,0,48
15-12-2015,1,49
16-12-2015,0,49
17-12-2015,0,49
18-12-2015,1,50
19-12-2015,0,50
20-12-2015,0,50
21-12-2015,0,50
22-12-2015,0,50
23-12-2015,0,50
24-12-2015,0,50
25-12-2015,0,50
26-12-2015,0,50
27-12-2015,0,50
28-12-2015,0,50
29-12-2015,0,50
30-12-2015,0,50
31-12-2015,0,50
01-01-2016,0,50
02-01-2016,0,50
03-01-2016,0,50
04-01-2016,0,50
05-01-2016,0,50
06-01-2016,0,50
07-01-2016,0,50
08-01-2016,0,50
09-01-2016,0,50
10-01-2016,1,51
11-01-2016,0,51
12-01-2016,0,51
13-01-2016,0,51
14-01-2016,0,51
15-01-2016,0,51
16-01-2016,1,52
17-01-2016,0,52
18-01-2016,2,54
19-01-2016,0,54
20-01-2016,0,54
21-01-2016,1,55
22-01-2016,0,55
23-01-2016,0,55
24-01-2016,0,55
25-01-2016,5,60
26-01-2016,6,66
27-01-2016,1,67
28-01-2016,0,67
29-01-2016,1,68
30-01-2016,0,68
31-01-2016,1,69
01-02-2016,0,69
02-02-2016,1,70
03-02-2016,0,70
04-02-2016,0,70
05-02-2016,0,70
06-02-2016,0,70
07-02-2016,0,70
08-02-2016,0,70
09-02-2016,0,70
10-02-2016,0,70
11-02-2016,0,70
12-02-2016,0,70
13-02-2016,0,70
14-02-2016,0,70
15-02-2016,1,71
16-02-2016,0,71
17-02-2016,0,71
18-02-2016,0,71
19-02-2016,0,71
20-02-2016,0,71
21-02-2016,0,71
22-02-2016,0,71
23-02-2016,0,71
24-02-2016,2,73
25-02-2016,0,73
26-02-2016,0,73
27-02-2016,0,73
28-02-2016,0,73
29-02-2016,0,73
01-03-2016,2,75
02-03-2016,0,75
03-03-2016,1,76
04-03-2016,0,76
05-03-2016,1,77
06-03-2016,1,78
07-03-2016,0,78
08-03-2016,2,80
09-03-2016,0,80
10-03-2016,0,80
11-03-2016,2,82
12-03-2016,0,82
13-03-2016,1,83
14-03-2016,0,83
15-03-2016,0,83
16-03-2016,0,83
17-03-2016,2,85
18-03-2016,0,85
19-03-2016,1,86
20-03-2016,0,86
21-03-2016,0,86
22-03-2016,1,87
23-03-2016,1,88
24-03-2016,7,95
25-03-2016,0,95
26-03-2016,0,95
27-03-2016,1,96
28-03-2016,0,96
29-03-2016,0,96
30-03-2016,0,96
31-03-2016,1,97
01-04-2016,0,97
02-04-2016,1,98
03-04-2016,0,98
04-04-2016,0,98
05-04-2016,0,98
06-04-2016,0,98
07-04-2016,0,98
08-04-2016,2,100
09-04-2016,0,100
10-04-2016,1,101
11-04-2016,2,103
12-04-2016,1,104
13-04-2016,1,105
14-04-2016,2,107
15-04-2016,0,107
16-04-2016,0,107
17-04-2016,1,108
18-04-2016,0,108
19-04-2016,1,109
20-04-2016,1,110
21-04-2016,0,110
22-04-2016,1,111
23-04-2016,0,111
24-04-2016,1,112
25-04-2016,1,113
26-04-2016,0,113
27-04-2016,0,113
28-04-2016,2,115
29-04-2016,0,115
30-04-2016,2,117
01-05-2016,3,120
02-05-2016,3,123
03-05-2016,0,123
04-05-2016,1,124
05-05-2016,2,126
06-05-2016,1,127
07-05-2016,0,127
08-05-2016,4,131
09-05-2016,1,132
10-05-2016,5,137
11-05-2016,4,141
12-05-2016,1,142
13-05-2016,4,146
14-05-2016,1,147
15-05-2016,1,148
16-05-2016,1,149
17-05-2016,1,150
18-05-2016,3,153
19-05-2016,1,154
20-05-2016,0,154
21-05-2016,0,154
22-05-2016,1,155
23-05-2016,1,156
24-05-2016,0,156
25-05-2016,3,159
26-05-2016,2,161
27-05-2016,3,164
28-05-2016,2,166
29-05-2016,1,167
30-05-2016,2,169
31-05-2016,1,170
01-06-2016,0,170
02-06-2016,2,172
03-06-2016,1,173
04-06-2016,2,175
05-06-2016,0,175
06-06-2016,3,178
07-06-2016,3,181
08-06-2016,3,184
09-06-2016,1,185
10-06-2016,2,187
11-06-2016,1,188
12-06-2016,1,189
13-06-2016,6,195
14-06-2016,1,196
15-06-2016,1,197
16-06-2016,2,199
17-06-2016,2,201
18-06-2016,1,202
19-06-2016,2,204
20-06-2016,2,206
21-06-2016,5,211
22-06-2016,2,213
23-06-2016,0,213
24-06-2016,0,213
25-06-2016,2,215
26-06-2016,1,216
27-06-2016,4,220
28-06-2016,1,221
29-06-2016,2,223
30-06-2016,2,225
01-07-2016,2,227
02-07-2016,1,228
03-07-2016,0,228
04-07-2016,0,228
05-07-2016,1,229
06-07-2016,2,231
07-07-2016,0,231
08-07-2016,4,235
09-07-2016,1,236
10-07-2016,0,236
11-07-2016,1,237
12-07-2016,2,239
13-07-2016,1,240
14-07-2016,2,242
15-07-2016,2,244
16-07-2016,0,244
17-07-2016,2,246
18-07-2016,2,248
19-07-2016,0,248
20-07-2016,1,249
21-07-2016,4,253
22-07-2016,1,254
23-07-2016,1,255
24-07-2016,2,257
25-07-2016,2,259
26-07-2016,2,261
27-07-2016,3,264
28-07-2016,0,264
29-07-2016,2,266
30-07-2016,1,267
31-07-2016,2,269
01-08-2016,2,271
02-08-2016,0,271
03-08-2016,2,273
04-08-2016,2,275
05-08-2016,0,275
06-08-2016,2,277
07-08-2016,0,277
08-08-2016,0,277
09-08-2016,2,279
10-08-2016,3,282
11-08-2016,1,283
12-08-2016,0,283
13-08-2016,1,284
14-08-2016,1,285
15-08-2016,1,286
16-08-2016,2,288
17-08-2016,4,292
18-08-2016,3,295
19-08-2016,5,300
20-08-2016,0,300
21-08-2016,0,300
22-08-2016,0,300
23-08-2016,0,300
24-08-2016,0,300
25-08-2016,1,301
26-08-2016,2,303
27-08-2016,2,305
28-08-2016,2,307
29-08-2016,0,307
30-08-2016,5,312
31-08-2016,1,313
01-09-2016,1,314
02-09-2016,0,314
03-09-2016,0,314
04-09-2016,0,314
05-09-2016,1,315
06-09-2016,2,317
07-09-2016,3,320
08-09-2016,3,323
09-09-2016,4,327
10-09-2016,18,345
11-09-2016,3,348
12-09-2016,8,356
13-09-2016,4,360
14-09-2016,3,363
15-09-2016,3,366
16-09-2016,3,369
17-09-2016,1,370
18-09-2016,0,370
19-09-2016,4,374
20-09-2016,5,379
21-09-2016,3,382
22-09-2016,3,385
23-09-2016,2,387
24-09-2016,1,388
25-09-2016,0,388
26-09-2016,3,391
27-09-2016,11,402
28-09-2016,3,405
29-09-2016,1,406
30-09-2016,2,408
01-10-2016,1,409
02-10-2016,1,410
03-10-2016,2,412
04-10-2016,3,415
05-10-2016,0,415
06-10-2016,2,417
07-10-2016,1,418
08-10-2016,0,418
09-10-2016,1,419
10-10-2016,3,422
11-10-2016,3,425
12-10-2016,6,431
13-10-2016,3,434
14-10-2016,3,437
15-10-2016,3,440
16-10-2016,1,441
17-10-2016,3,444
18-10-2016,6,450
19-10-2016,1,451
20-10-2016,2,453
21-10-2016,0,453
22-10-2016,0,453
23-10-2016,3,456
24-10-2016,3,459
25-10-2016,3,462
26-10-2016,1,463
27-10-2016,5,468
28-10-2016,5,473
29-10-2016,0,473
30-10-2016,1,474
31-10-2016,3,477
01-11-2016,1,478
02-11-2016,2,480
03-11-2016,4,484
04-11-2016,5,489
05-11-2016,3,492
06-11-2016,6,498
07-11-2016,4,502
08-11-2016,8,510
09-11-2016,3,513
10-11-2016,4,517
11-11-2016,5,522
12-11-2016,2,524
13-11-2016,4,528
14-11-2016,2,530
15-11-2016,4,534
16-11-2016,6,540
17-11-2016,11,551
18-11-2016,13,564
19-11-2016,4,568
20-11-2016,0,568
21-11-2016,9,577
22-11-2016,5,582
23-11-2016,2,584
24-11-2016,4,588
25-11-2016,2,590
26-11-2016,3,593
27-11-2016,2,595
28-11-2016,2,597
29-11-2016,5,602
30-11-2016,3,605
01-12-2016,4,609
02-12-2016,4,613
03-12-2016,6,619
04-12-2016,1,620
05-12-2016,0,620
06-12-2016,3,623
07-12-2016,4,627
08-12-2016,5,632
09-12-2016,5,637
10-12-2016,5,642
11-12-2016,2,644
12-12-2016,7,651
13-12-2016,7,658
14-12-2016,4,662
15-12-2016,6,668
16-12-2016,3,671
17-12-2016,3,674
18-12-2016,4,678
19-12-2016,5,683
20-12-2016,3,686
21-12-2016,5,691
22-12-2016,2,693
23-12-2016,4,697
24-12-2016,3,700
25-12-2016,1,701
26-12-2016,4,705
27-12-2016,5,710
28-12-2016,3,713
29-12-2016,4,717
30-12-2016,0,717
31-12-2016,1,718
01-01-2017,2,720
02-01-2017,4,724
03-01-2017,7,731
04-01-2017,5,736
05-01-2017,4,740
06-01-2017,4,744
07-01-2017,2,746
08-01-2017,3,749
09-01-2017,4,753
10-01-2017,3,756
11-01-2017,5,761
12-01-2017,4,765
13-01-2017,7,772
14-01-2017,1,773
15-01-2017,2,775
16-01-2017,2,777
17-01-2017,8,785
18-01-2017,5,790
19-01-2017,2,792
20-01-2017,2,794
21-01-2017,5,799
22-01-2017,2,801
23-01-2017,6,807
24-01-2017,4,811
25-01-2017,4,815
26-01-2017,3,818
27-01-2017,3,821
28-01-2017,1,822
29-01-2017,2,824
30-01-2017,2,826
31-01-2017,6,832
01-02-2017,10,842
02-02-2017,2,844
03-02-2017,4,848
04-02-2017,2,850
05-02-2017,2,852
06-02-2017,12,864
07-02-2017,4,868
08-02-2017,7,875
09-02-2017,2,877
10-02-2017,3,880
11-02-2017,5,885
12-02-2017,5,890
13-02-2017,3,893
14-02-2017,8,901
15-02-2017,7,908
16-02-2017,5,913
17-02-2017,5,918
18-02-2017,3,921
19-02-2017,7,928
20-02-2017,8,936
21-02-2017,14,950
22-02-2017,6,956
23-02-2017,15,971
24-02-2017,6,977
25-02-2017,3,980
26-02-2017,8,988
27-02-2017,6,994
28-02-2017,5,999
01-03-2017,3,1002
02-03-2017,8,1010
03-03-2017,9,1019
04-03-2017,7,1026
05-03-2017,1,1027
06-03-2017,5,1032
07-03-2017,5,1037
08-03-2017,8,1045
09-03-2017,2,1047
10-03-2017,2,1049
11-03-2017,7,1056
12-03-2017,5,1061
13-03-2017,3,1064
14-03-2017,9,1073
15-03-2017,3,1076
16-03-2017,5,1081
17-03-2017,7,1088
18-03-2017,3,1091
19-03-2017,1,1092
20-03-2017,7,1099
21-03-2017,9,1108
22-03-2017,5,1113
23-03-2017,9,1122
24-03-2017,10,1132
25-03-2017,3,1135
26-03-2017,3,1138
27-03-2017,6,1144
28-03-2017,5,1149
29-03-2017,9,1158
30-03-2017,12,1170
31-03-2017,5,1175
01-04-2017,4,1179
02-04-2017,0,1179
03-04-2017,6,1185
04-04-2017,9,1194
05-04-2017,8,1202
06-04-2017,11,1213
07-04-2017,7,1220
08-04-2017,3,1223
09-04-2017,7,1230
10-04-2017,14,1244
11-04-2017,21,1265
12-04-2017,12,1277
13-04-2017,12,1289
14-04-2017,5,1294
15-04-2017,6,1300
16-04-2017,3,1303
17-04-2017,7,1310
18-04-2017,10,1320
19-04-2017,5,1325
20-04-2017,7,1332
21-04-2017,11,1343
22-04-2017,1,1344
23-04-2017,2,1346
24-04-2017,4,1350
25-04-2017,10,1360
26-04-2017,4,1364
27-04-2017,5,1369
28-04-2017,6,1375
29-04-2017,4,1379
30-04-2017,3,1382
01-05-2017,1,1383
02-05-2017,3,1386
03-05-2017,10,1396
04-05-2017,14,1410
05-05-2017,7,1417
06-05-2017,2,1419
07-05-2017,7,1426
08-05-2017,3,1429
09-05-2017,10,1439
10-05-2017,11,1450
11-05-2017,6,1456
12-05-2017,5,1461
13-05-2017,2,1463
14-05-2017,3,1466
15-05-2017,4,1470
16-05-2017,5,1475
17-05-2017,8,1483
18-05-2017,6,1489
19-05-2017,7,1496
20-05-2017,4,1500
21-05-2017,2,1502
22-05-2017,8,1510
23-05-2017,11,1521
24-05-2017,11,1532
25-05-2017,7,1539
26-05-2017,8,1547
27-05-2017,5,1552
28-05-2017,2,1554
29-05-2017,7,1561
30-05-2017,7,1568
31-05-2017,15,1583
01-06-2017,23,1606
02-06-2017,20,1626
03-06-2017,6,1632
04-06-2017,5,1637
05-06-2017,7,1644
06-06-2017,8,1652
07-06-2017,6,1658
08-06-2017,6,1664
09-06-2017,6,1670
10-06-2017,3,1673
11-06-2017,3,1676
12-06-2017,7,1683
13-06-2017,10,1693
14-06-2017,3,1696
15-06-2017,7,1703
16-06-2017,5,1708
17-06-2017,1,1709
18-06-2017,2,1711
19-06-2017,3,1714
20-06-2017,4,1718
21-06-2017,3,1721
22-06-2017,10,1731
23-06-2017,9,1740
24-06-2017,0,1740
25-06-2017,5,1745
26-06-2017,2,1747
27-06-2017,5,1752
28-06-2017,3,1755
29-06-2017,6,1761
30-06-2017,6,1767
01-07-2017,1,1768
02-07-2017,3,1771
03-07-2017,4,1775
04-07-2017,2,1777
05-07-2017,7,1784
06-07-2017,5,1789
07-07-2017,13,1802
08-07-2017,2,1804
09-07-2017,4,1808
10-07-2017,5,1813
11-07-2017,5,1818
12-07-2017,11,1829
13-07-2017,5,1834
14-07-2017,7,1841
15-07-2017,9,1850
16-07-2017,2,1852
17-07-2017,4,1856
18-07-2017,5,1861
19-07-2017,6,1867
20-07-2017,6,1873
21-07-2017,6,1879
22-07-2017,2,1881
23-07-2017,4,1885
24-07-2017,10,1895
25-07-2017,7,1902
26-07-2017,6,1908
27-07-2017,11,1919
28-07-2017,9,1928
29-07-2017,3,1931
30-07-2017,3,1934
31-07-2017,1,1935
01-08-2017,5,1940
02-08-2017,17,1957
03-08-2017,4,1961
04-08-2017,7,1968
05-08-2017,5,1973
06-08-2017,0,1973
07-08-2017,7,1980
08-08-2017,7,1987
09-08-2017,9,1996
10-08-2017,3,1999
11-08-2017,6,2005
12-08-2017,3,2008
13-08-2017,2,2010
14-08-2017,3,2013
15-08-2017,10,2023
16-08-2017,8,2031
17-08-2017,5,2036
18-08-2017,5,2041
19-08-2017,6,2047
20-08-2017,5,2052
21-08-2017,8,2060
22-08-2017,8,2068
23-08-2017,5,2073
24-08-2017,6,2079
25-08-2017,5,2084
26-08-2017,2,2086
27-08-2017,3,2089
28-08-2017,3,2092
29-08-2017,6,2098
30-08-2017,12,2110
31-08-2017,10,2120
01-09-2017,10,2130
02-09-2017,2,2132
03-09-2017,2,2134
04-09-2017,4,2138
05-09-2017,6,2144
06-09-2017,9,2153
07-09-2017,9,2162
08-09-2017,3,2165
09-09-2017,2,2167
10-09-2017,1,2168
11-09-2017,5,2173
12-09-2017,6,2179
13-09-2017,11,2190
14-09-2017,7,2197
15-09-2017,9,2206
16-09-2017,1,2207
17-09-2017,3,2210
18-09-2017,10,2220
19-09-2017,7,2227
20-09-2017,7,2234
21-09-2017,9,2243
22-09-2017,10,2253
23-09-2017,4,2257
24-09-2017,8,2265
25-09-2017,9,2274
26-09-2017,18,2292
27-09-2017,11,2303
28-09-2017,12,2315
29-09-2017,12,2327
30-09-2017,7,2334
01-10-2017,0,2334
02-10-2017,8,2342
03-10-2017,17,2359
04-10-2017,8,2367
05-10-2017,8,2375
06-10-2017,5,2380
07-10-2017,6,2386
08-10-2017,7,2393
09-10-2017,9,2402
10-10-2017,10,2412
11-10-2017,15,2427
12-10-2017,11,2438
13-10-2017,17,2455
14-10-2017,2,2457
15-10-2017,10,2467
16-10-2017,7,2474
17-10-2017,10,2484
18-10-2017,10,2494
19-10-2017,13,2507
20-10-2017,12,2519
21-10-2017,11,2530
22-10-2017,12,2542
23-10-2017,11,2553
24-10-2017,18,2571
25-10-2017,18,2589
26-10-2017,22,2611
27-10-2017,9,2620
28-10-2017,4,2624
29-10-2017,5,2629
30-10-2017,8,2637
31-10-2017,15,2652
01-11-2017,12,2664
02-11-2017,13,2677
03-11-2017,11,2688
04-11-2017,7,2695
05-11-2017,6,2701
06-11-2017,16,2717
07-11-2017,10,2727
08-11-2017,6,2733
09-11-2017,11,2744
10-11-2017,9,2753
11-11-2017,9,2762
12-11-2017,5,2767
13-11-2017,9,2776
14-11-2017,10,2786
15-11-2017,6,2792
16-11-2017,10,2802
17-11-2017,7,2809
18-11-2017,8,2817
19-11-2017,5,2822
20-11-2017,9,2831
21-11-2017,15,2846
22-11-2017,15,2861
23-11-2017,7,2868
24-11-2017,10,2878
25-11-2017,5,2883
26-11-2017,5,2888
27-11-2017,8,2896
28-11-2017,13,2909
29-11-2017,11,2920
30-11-2017,8,2928
01-12-2017,8,2936
02-12-2017,8,2944
03-12-2017,4,2948
04-12-2017,11,2959
05-12-2017,11,2970
06-12-2017,11,2981
07-12-2017,20,3001
08-12-2017,16,3017
09-12-2017,2,3019
10-12-2017,3,3022
11-12-2017,12,3034
12-12-2017,21,3055
13-12-2017,9,3064
14-12-2017,10,3074
15-12-2017,10,3084
16-12-2017,8,3092
17-12-2017,3,3095
18-12-2017,12,3107
19-12-2017,7,3114
20-12-2017,10,3124
21-12-2017,14,3138
22-12-2017,11,3149
23-12-2017,4,3153
24-12-2017,5,3158
25-12-2017,7,3165
26-12-2017,10,3175
27-12-2017,11,3186
28-12-2017,5,3191
29-12-2017,10,3201
30-12-2017,5,3206
31-12-2017,1,3207
01-01-2018,4,3211
02-01-2018,12,3223
03-01-2018,9,3232
04-01-2018,9,3241
05-01-2018,14,3255
06-01-2018,7,3262
07-01-2018,5,3267
08-01-2018,10,3277
09-01-2018,23,3300
10-01-2018,6,3306
11-01-2018,14,3320
12-01-2018,10,3330
13-01-2018,3,3333
14-01-2018,8,3341
15-01-2018,10,3351
16-01-2018,12,3363
17-01-2018,17,3380
18-01-2018,17,3397
19-01-2018,10,3407
20-01-2018,12,3419
21-01-2018,10,3429
22-01-2018,10,3439
23-01-2018,12,3451
24-01-2018,20,3471
25-01-2018,30,3501
26-01-2018,16,3517
27-01-2018,17,3534
28-01-2018,7,3541
29-01-2018,11,3552
30-01-2018,12,3564
31-01-2018,16,3580
01-02-2018,20,3600
02-02-2018,16,3616
03-02-2018,6,3622
04-02-2018,7,3629
05-02-2018,12,3641
06-02-2018,19,3660
07-02-2018,13,3673
08-02-2018,21,3694
09-02-2018,10,3704
10-02-2018,8,3712
11-02-2018,5,3717
12-02-2018,8,3725
13-02-2018,11,3736
14-02-2018,16,3752
15-02-2018,9,3761
16-02-2018,15,3776
17-02-2018,15,3791
18-02-2018,15,3806
19-02-2018,8,3814
20-02-2018,8,3822
21-02-2018,13,3835
22-02-2018,18,3853
23-02-2018,18,3871
24-02-2018,11,3882
25-02-2018,15,3897
26-02-2018,12,3909
27-02-2018,14,3923
28-02-2018,12,3935
01-03-2018,19,3954
02-03-2018,17,3971
03-03-2018,14,3985
04-03-2018,7,3992
05-03-2018,17,4009
06-03-2018,15,4024
07-03-2018,15,4039
08-03-2018,25,4064
09-03-2018,22,4086
10-03-2018,3,4089
11-03-2018,13,4102
12-03-2018,16,4118
13-03-2018,12,4130
14-03-2018,14,4144
15-03-2018,15,4159
16-03-2018,12,4171
17-03-2018,13,4184
18-03-2018,10,4194
19-03-2018,14,4208
20-03-2018,27,4235
21-03-2018,21,4256
22-03-2018,20,4276
23-03-2018,19,4295
24-03-2018,7,4302
25-03-2018,10,4312
26-03-2018,18,4330
27-03-2018,14,4344
28-03-2018,15,4359
29-03-2018,22,4381
30-03-2018,8,4389
31-03-2018,7,4396
01-04-2018,6,4402
02-04-2018,18,4420
03-04-2018,28,4448
04-04-2018,28,4476
05-04-2018,12,4488
06-04-2018,19,4507
07-04-2018,4,4511
08-04-2018,12,4523
09-04-2018,16,4539
10-04-2018,20,4559
11-04-2018,19,4578
12-04-2018,28,4606
13-04-2018,8,4614
14-04-2018,9,4623
15-04-2018,5,4628
16-04-2018,11,4639
17-04-2018,9,4648
18-04-2018,21,4669
19-04-2018,18,4687
20-04-2018,11,4698
21-04-2018,12,4710
22-04-2018,13,4723
23-04-2018,27,4750
24-04-2018,29,4779
25-04-2018,22,4801
26-04-2018,19,4820
27-04-2018,15,4835
28-04-2018,12,4847
29-04-2018,7,4854
30-04-2018,11,4865
01-05-2018,14,4879
02-05-2018,19,4898
03-05-2018,19,4917
04-05-2018,8,4925
05-05-2018,4,4929
06-05-2018,12,4941
07-05-2018,14,4955
08-05-2018,14,4969
09-05-2018,10,4979
10-05-2018,14,4993
11-05-2018,6,4999
12-05-2018,9,5008
13-05-2018,7,5015
14-05-2018,16,5031
15-05-2018,16,5047
16-05-2018,22,5069
17-05-2018,20,5089
18-05-2018,28,5117
19-05-2018,13,5130
20-05-2018,11,5141
21-05-2018,16,5157
22-05-2018,23,5180
23-05-2018,17,5197
24-05-2018,16,5213
25-05-2018,19,5232
26-05-2018,5,5237
27-05-2018,7,5244
28-05-2018,14,5258
29-05-2018,21,5279
30-05-2018,18,5297
31-05-2018,9,5306
01-06-2018,24,5330
02-06-2018,13,5343
03-06-2018,9,5352
04-06-2018,24,5376
05-06-2018,26,5402
06-06-2018,21,5423
07-06-2018,21,5444
08-06-2018,19,5463
09-06-2018,7,5470
10-06-2018,5,5475
11-06-2018,21,5496
12-06-2018,32,5528
13-06-2018,25,5553
14-06-2018,26,5579
15-06-2018,19,5598
16-06-2018,10,5608
17-06-2018,11,5619
18-06-2018,14,5633
19-06-2018,13,5646
20-06-2018,13,5659
21-06-2018,14,5673
22-06-2018,10,5683
23-06-2018,3,5686
24-06-2018,4,5690
25-06-2018,25,5715
26-06-2018,17,5732
27-06-2018,17,5749
28-06-2018,14,5763
29-06-2018,18,5781
30-06-2018,8,5789
01-07-2018,6,5795
02-07-2018,16,5811
03-07-2018,22,5833
04-07-2018,22,5855
05-07-2018,15,5870
06-07-2018,12,5882
07-07-2018,7,5889
08-07-2018,4,5893
09-07-2018,17,5910
10-07-2018,18,5928
11-07-2018,20,5948
12-07-2018,23,5971
13-07-2018,12,5983
14-07-2018,4,5987
15-07-2018,3,5990
16-07-2018,15,6005
17-07-2018,15,6020
18-07-2018,17,6037
19-07-2018,18,6055
20-07-2018,17,6072
21-07-2018,11,6083
22-07-2018,5,6088
23-07-2018,15,6103
24-07-2018,23,6126
25-07-2018,22,6148
26-07-2018,16,6164
27-07-2018,18,6182
28-07-2018,13,6195
29-07-2018,6,6201
30-07-2018,12,6213
31-07-2018,22,6235
01-08-2018,27,6262
02-08-2018,20,6282
03-08-2018,17,6299
04-08-2018,6,6305
05-08-2018,12,6317
06-08-2018,14,6331
07-08-2018,15,6346
08-08-2018,20,6366
09-08-2018,20,6386
10-08-2018,13,6399
11-08-2018,9,6408
12-08-2018,8,6416
13-08-2018,22,6438
14-08-2018,20,6458
15-08-2018,17,6475
16-08-2018,14,6489
17-08-2018,22,6511
18-08-2018,9,6520
19-08-2018,10,6530
20-08-2018,19,6549
21-08-2018,25,6574
22-08-2018,33,6607
23-08-2018,28,6635
24-08-2018,20,6655
25-08-2018,10,6665
26-08-2018,8,6673
27-08-2018,20,6693
28-08-2018,18,6711
29-08-2018,16,6727
30-08-2018,19,6746
31-08-2018,22,6768
01-09-2018,6,6774
02-09-2018,7,6781
03-09-2018,20,6801
04-09-2018,18,6819
05-09-2018,13,6832
06-09-2018,19,6851
07-09-2018,27,6878
08-09-2018,9,6887
09-09-2018,11,6898
10-09-2018,17,6915
11-09-2018,13,6928
12-09-2018,23,6951
13-09-2018,19,6970
14-09-2018,16,6986
15-09-2018,6,6992
16-09-2018,13,7005
17-09-2018,23,7028
18-09-2018,19,7047
19-09-2018,20,7067
20-09-2018,13,7080
21-09-2018,12,7092
22-09-2018,7,7099
23-09-2018,2,7101
24-09-2018,12,7113
25-09-2018,23,7136
26-09-2018,26,7162
27-09-2018,16,7178
28-09-2018,14,7192
29-09-2018,8,7200
30-09-2018,10,7210
01-10-2018,19,7229
02-10-2018,18,7247
03-10-2018,14,7261
04-10-2018,10,7271
05-10-2018,16,7287
06-10-2018,9,7296
07-10-2018,4,7300
08-10-2018,10,7310
09-10-2018,11,7321
10-10-2018,11,7332
11-10-2018,15,7347
12-10-2018,18,7365
13-10-2018,3,7368
14-10-2018,10,7378
15-10-2018,13,7391
16-10-2018,19,7410
17-10-2018,11,7421
18-10-2018,28,7449
19-10-2018,17,7466
20-10-2018,10,7476
21-10-2018,11,7487
22-10-2018,19,7506
23-10-2018,18,7524
24-10-2018,21,7545
25-10-2018,21,7566
26-10-2018,11,7577
27-10-2018,12,7589
28-10-2018,5,7594
29-10-2018,18,7612
30-10-2018,15,7627
31-10-2018,22,7649
01-11-2018,16,7665
02-11-2018,25,7690
03-11-2018,9,7699
04-11-2018,10,7709
05-11-2018,17,7726
06-11-2018,18,7744
07-11-2018,23,7767
08-11-2018,20,7787
09-11-2018,24,7811
10-11-2018,11,7822
11-11-2018,5,7827
12-11-2018,11,7838
13-11-2018,18,7856
14-11-2018,25,7881
15-11-2018,16,7897
16-11-2018,16,7913
17-11-2018,10,7923
18-11-2018,6,7929
19-11-2018,17,7946
20-11-2018,20,7966
21-11-2018,26,7992
22-11-2018,18,8010
23-11-2018,10,8020
24-11-2018,3,8023
25-11-2018,8,8031
26-11-2018,21,8052
27-11-2018,29,8081
28-11-2018,20,8101
29-11-2018,17,8118
30-11-2018,14,8132
01-12-2018,5,8137
02-12-2018,5,8142
03-12-2018,17,8159
04-12-2018,24,8183
05-12-2018,14,8197
06-12-2018,29,8226
07-12-2018,29,8255
08-12-2018,5,8260
09-12-2018,16,8276
10-12-2018,19,8295
11-12-2018,22,8317
12-12-2018,25,8342
13-12-2018,31,8373
14-12-2018,23,8396
15-12-2018,14,8410
16-12-2018,12,8422
17-12-2018,18,8440
18-12-2018,16,8456
19-12-2018,26,8482
20-12-2018,23,8505
21-12-2018,27,8532
22-12-2018,9,8541
23-12-2018,7,8548
24-12-2018,11,8559
25-12-2018,14,8573
26-12-2018,13,8586
27-12-2018,15,8601
28-12-2018,23,8624
29-12-2018,9,8633
30-12-2018,7,8640
31-12-2018,15,8655
01-01-2019,9,8664
02-01-2019,27,8691
03-01-2019,22,8713
04-01-2019,15,8728
05-01-2019,15,8743
06-01-2019,16,8759
07-01-2019,24,8783
08-01-2019,23,8806
09-01-2019,20,8826
10-01-2019,13,8839
11-01-2019,15,8854
12-01-2019,11,8865
13-01-2019,12,8877
14-01-2019,27,8904
15-01-2019,24,8928
16-01-2019,23,8951
17-01-2019,15,8966
18-01-2019,18,8984
19-01-2019,12,8996
20-01-2019,11,9007
21-01-2019,18,9025
22-01-2019,14,9039
23-01-2019,18,9057
24-01-2019,18,9075
25-01-2019,14,9089
26-01-2019,8,9097
27-01-2019,8,9105
28-01-2019,23,9128
29-01-2019,13,9141
30-01-2019,19,9160
31-01-2019,19,9179
01-02-2019,20,9199
02-02-2019,11,9210
03-02-2019,8,9218
04-02-2019,11,9229
05-02-2019,16,9245
06-02-2019,13,9258
07-02-2019,13,9271
08-02-2019,17,9288
09-02-2019,10,9298
10-02-2019,8,9306
11-02-2019,22,9328
12-02-2019,21,9349
13-02-2019,23,9372
14-02-2019,22,9394
15-02-2019,12,9406
16-02-2019,9,9415
17-02-2019,5,9420
18-02-2019,11,9431
19-02-2019,17,9448
20-02-2019,15,9463
21-02-2019,25,9488
22-02-2019,16,9504
23-02-2019,5,9509
24-02-2019,2,9511
25-02-2019,15,9526
26-02-2019,23,9549
27-02-2019,18,9567
28-02-2019,30,9597
01-03-2019,13,9610
02-03-2019,9,9619
03-03-2019,11,9630
04-03-2019,28,9658
05-03-2019,8,9666
06-03-2019,19,9685
07-03-2019,23,9708
08-03-2019,14,9722
09-03-2019,8,9730
10-03-2019,16,9746
11-03-2019,27,9773
12-03-2019,19,9792
13-03-2019,31,9823
14-03-2019,20,9843
15-03-2019,20,9863
16-03-2019,13,9876
17-03-2019,8,9884
18-03-2019,30,9914
19-03-2019,14,9928
20-03-2019,24,9952
21-03-2019,27,9979
22-03-2019,22,10001
23-03-2019,10,10011
24-03-2019,10,10021
25-03-2019,22,10043
26-03-2019,32,10075
27-03-2019,30,10105
28-03-2019,18,10123
29-03-2019,33,10156
30-03-2019,5,10161
31-03-2019,12,10173
01-04-2019,28,10201
02-04-2019,13,10214
03-04-2019,14,10228
04-04-2019,23,10251
05-04-2019,11,10262
06-04-2019,10,10272
07-04-2019,7,10279
08-04-2019,25,10304
09-04-2019,29,10333
10-04-2019,18,10351
11-04-2019,27,10378
12-04-2019,18,10396
13-04-2019,13,10409
14-04-2019,11,10420
15-04-2019,13,10433
16-04-2019,28,10461
17-04-2019,20,10481
18-04-2019,19,10500
19-04-2019,6,10506
20-04-2019,8,10514
21-04-2019,11,10525
22-04-2019,18,10543
23-04-2019,20,10563
24-04-2019,21,10584
25-04-2019,16,10600
26-04-2019,20,10620
27-04-2019,15,10635
28-04-2019,12,10647
29-04-2019,12,10659
30-04-2019,21,10680
01-05-2019,15,10695
02-05-2019,26,10721
03-05-2019,16,10737
04-05-2019,9,10746
05-05-2019,7,10753
06-05-2019,14,10767
07-05-2019,15,10782
08-05-2019,28,10810
09-05-2019,21,10831
10-05-2019,12,10843
11-05-2019,6,10849
12-05-2019,6,10855
13-05-2019,11,10866
14-05-2019,22,10888
15-05-2019,23,10911
16-05-2019,37,10948
17-05-2019,26,10974
18-05-2019,11,10985
19-05-2019,8,10993
20-05-2019,21,11014
21-05-2019,24,11038
22-05-2019,15,11053
23-05-2019,21,11074
24-05-2019,16,11090
25-05-2019,7,11097
26-05-2019,9,11106
27-05-2019,21,11127
28-05-2019,30,11157
29-05-2019,23,11180
30-05-2019,18,11198
31-05-2019,9,11207
01-06-2019,7,11214
02-06-2019,7,11221
03-06-2019,19,11240
04-06-2019,17,11257
05-06-2019,26,11283
06-06-2019,21,11304
07-06-2019,7,11311
08-06-2019,8,11319
09-06-2019,5,11324
10-06-2019,17,11341
11-06-2019,18,11359
12-06-2019,14,11373
13-06-2019,14,11387
14-06-2019,19,11406
15-06-2019,4,11410
16-06-2019,11,11421
17-06-2019,16,11437
18-06-2019,22,11459
19-06-2019,21,11480
20-06-2019,21,11501
21-06-2019,9,11510
22-06-2019,7,11517
23-06-2019,8,11525
24-06-2019,18,11543
25-06-2019,15,11558
26-06-2019,22,11580
27-06-2019,22,11602
28-06-2019,21,11623
29-06-2019,9,11632
30-06-2019,5,11637
01-07-2019,15,11652
02-07-2019,20,11672
03-07-2019,17,11689
04-07-2019,21,11710
05-07-2019,23,11733
06-07-2019,27,11760
07-07-2019,16,11776
08-07-2019,15,11791
09-07-2019,22,11813
10-07-2019,20,11833
11-07-2019,20,11853
12-07-2019,22,11875
13-07-2019,11,11886
14-07-2019,11,11897
15-07-2019,20,11917
16-07-2019,25,11942
17-07-2019,26,11968
18-07-2019,23,11991
19-07-2019,18,12009
20-07-2019,9,12018
21-07-2019,11,12029
22-07-2019,22,12051
23-07-2019,35,12086
24-07-2019,28,12114
25-07-2019,33,12147
26-07-2019,20,12167
27-07-2019,14,12181
28-07-2019,8,12189
29-07-2019,22,12211
30-07-2019,21,12232
31-07-2019,27,12259
01-08-2019,16,12275
02-08-2019,16,12291
03-08-2019,9,12300
04-08-2019,4,12304
05-08-2019,15,12319
06-08-2019,19,12338
07-08-2019,20,12358
08-08-2019,24,12382
09-08-2019,19,12401
10-08-2019,10,12411
11-08-2019,9,12420
12-08-2019,14,12434
13-08-2019,18,12452
14-08-2019,19,12471
15-08-2019,17,12488
16-08-2019,14,12502
17-08-2019,9,12511
18-08-2019,10,12521
19-08-2019,17,12538
20-08-2019,15,12553
21-08-2019,19,12572
22-08-2019,18,12590
23-08-2019,23,12613
24-08-2019,6,12619
25-08-2019,7,12626
26-08-2019,23,12649
27-08-2019,22,12671
28-08-2019,24,12695
29-08-2019,23,12718
30-08-2019,26,12744
31-08-2019,16,12760
01-09-2019,7,12767
02-09-2019,8,12775
03-09-2019,24,12799
04-09-2019,24,12823
05-09-2019,12,12835
06-09-2019,12,12847
07-09-2019,10,12857
08-09-2019,4,12861
09-09-2019,22,12883
10-09-2019,13,12896
11-09-2019,16,12912
12-09-2019,16,12928
13-09-2019,9,12937
14-09-2019,6,12943
15-09-2019,16,12959
16-09-2019,21,12980
17-09-2019,23,13003
18-09-2019,20,13023
19-09-2019,23,13046
20-09-2019,19,13065
21-09-2019,11,13076
22-09-2019,9,13085
23-09-2019,8,13093
24-09-2019,17,13110
25-09-2019,18,13128
26-09-2019,20,13148
27-09-2019,11,13159
28-09-2019,16,13175
29-09-2019,10,13185
30-09-2019,25,13210
01-10-2019,12,13222
02-10-2019,14,13236
03-10-2019,13,13249
04-10-2019,12,13261
05-10-2019,6,13267
06-10-2019,5,13272
07-10-2019,17,13289
08-10-2019,17,13306
09-10-2019,15,13321
10-10-2019,18,13339
11-10-2019,15,13354
12-10-2019,13,13367
13-10-2019,8,13375
14-10-2019,7,13382
15-10-2019,22,13404
16-10-2019,24,13428
17-10-2019,17,13445
18-10-2019,25,13470
19-10-2019,10,13480
20-10-2019,9,13489
21-10-2019,20,13509
22-10-2019,19,13528
23-10-2019,20,13548
24-10-2019,18,13566
25-10-2019,25,13591
26-10-2019,7,13598
27-10-2019,9,13607
28-10-2019,16,13623
29-10-2019,18,13641
30-10-2019,19,13660
31-10-2019,19,13679
01-11-2019,14,13693
02-11-2019,5,13698
03-11-2019,9,13707
04-11-2019,20,13727
05-11-2019,20,13747
06-11-2019,22,13769
07-11-2019,16,13785
08-11-2019,20,13805
09-11-2019,11,13816
10-11-2019,23,13839
11-11-2019,14,13853
12-11-2019,18,13871
13-11-2019,48,13919
14-11-2019,25,13944
15-11-2019,31,13975
16-11-2019,11,13986
17-11-2019,16,14002
18-11-2019,31,14033
19-11-2019,26,14059
20-11-2019,16,14075
21-11-2019,23,14098
22-11-2019,20,14118
23-11-2019,9,14127
24-11-2019,10,14137
25-11-2019,22,14159
26-11-2019,25,14184
27-11-2019,22,14206
28-11-2019,25,14231
29-11-2019,15,14246
30-11-2019,10,14256
01-12-2019,20,14276
02-12-2019,16,14292
03-12-2019,19,14311
04-12-2019,23,14334
05-12-2019,20,14354
06-12-2019,19,14373
07-12-2019,5,14378
08-12-2019,11,14389
09-12-2019,25,14414
10-12-2019,16,14430
11-12-2019,12,14442
12-12-2019,16,14458
13-12-2019,14,14472
14-12-2019,14,14486
15-12-2019,6,14492
16-12-2019,15,14507
17-12-2019,16,14523
18-12-2019,13,14536
19-12-2019,17,14553
20-12-2019,18,14571
21-12-2019,7,14578
22-12-2019,6,14584
23-12-2019,13,14597
24-12-2019,10,14607
25-12-2019,13,14620
26-12-2019,12,14632
27-12-2019,4,14636
28-12-2019,7,14643
29-12-2019,11,14654
30-12-2019,11,14665
31-12-2019,12,14677
01-01-2020,7,14684
02-01-2020,15,14699
03-01-2020,23,14722
04-01-2020,20,14742
05-01-2020,14,14756
06-01-2020,20,14776
07-01-2020,12,14788
08-01-2020,14,14802
09-01-2020,13,14815
10-01-2020,15,14830
11-01-2020,9,14839
12-01-2020,1,14840
13-01-2020,14,14854
14-01-2020,15,14869
15-01-2020,32,14901
16-01-2020,13,14914
17-01-2020,20,14934
18-01-2020,9,14943
19-01-2020,11,14954
20-01-2020,15,14969
21-01-2020,15,14984
22-01-2020,20,15004
23-01-2020,16,15020
24-01-2020,15,15035
25-01-2020,5,15040
26-01-2020,8,15048
27-01-2020,9,15057
28-01-2020,8,15065
29-01-2020,15,15080
30-01-2020,17,15097
31-01-2020,11,15108
01-02-2020,9,15117
02-02-2020,4,15121
03-02-2020,9,15130
04-02-2020,15,15145
05-02-2020,16,15161
06-02-2020,14,15175
07-02-2020,10,15185
08-02-2020,11,15196
09-02-2020,8,15204
10-02-2020,12,15216
11-02-2020,12,15228
12-02-2020,17,15245
13-02-2020,11,15256
14-02-2020,14,15270
15-02-2020,18,15288
16-02-2020,13,15301
17-02-2020,15,15316
18-02-2020,21,15337
19-02-2020,20,15357
20-02-2020,24,15381
21-02-2020,17,15398
22-02-2020,10,15408
23-02-2020,9,15417
24-02-2020,19,15436
25-02-2020,15,15451
26-02-2020,20,15471
27-02-2020,12,15483
28-02-2020,17,15500
29-02-2020,13,15513
01-03-2020,16,15529
02-03-2020,15,15544
03-03-2020,19,15563
04-03-2020,20,15583
05-03-2020,10,15593
06-03-2020,14,15607
07-03-2020,5,15612
08-03-2020,3,15615
09-03-2020,7,15622
10-03-2020,18,15640
11-03-2020,11,15651
12-03-2020,5,15656
13-03-2020,7,15663
14-03-2020,6,15669
15-03-2020,7,15676
16-03-2020,11,15687
17-03-2020,5,15692
18-03-2020,11,15703
19-03-2020,9,15712
20-03-2020,5,15717
21-03-2020,10,15727
22-03-2020,6,15733
23-03-2020,11,15744
24-03-2020,5,15749
25-03-2020,7,15756
26-03-2020,6,15762
27-03-2020,5,15767
28-03-2020,4,15771
29-03-2020,8,15779
30-03-2020,12,15791
31-03-2020,11,15802
01-04-2020,6,15808
02-04-2020,8,15816
03-04-2020,3,15819
04-04-2020,6,15825
05-04-2020,3,15828
06-04-2020,14,15842
07-04-2020,10,15852
08-04-2020,7,15859
09-04-2020,6,15865
10-04-2020,12,15877
11-04-2020,9,15886
12-04-2020,6,15892
13-04-2020,8,15900
14-04-2020,7,15907
15-04-2020,14,15921
16-04-2020,4,15925
17-04-2020,11,15936
18-04-2020,10,15946
19-04-2020,10,15956
20-04-2020,13,15969
21-04-2020,15,15984
22-04-2020,8,15992
23-04-2020,21,16013
24-04-2020,4,16017
25-04-2020,7,16024
26-04-2020,7,16031
27-04-2020,12,16043
28-04-2020,11,16054
29-04-2020,5,16059
30-04-2020,8,16067
01-05-2020,10,16077
02-05-2020,7,16084
03-05-2020,10,16094
04-05-2020,3,16097
05-05-2020,14,16111
06-05-2020,9,16120
07-05-2020,16,16136
08-05-2020,13,16149
09-05-2020,3,16152
10-05-2020,5,16157
11-05-2020,12,16169
12-05-2020,10,16179
13-05-2020,15,16194
14-05-2020,15,16209
15-05-2020,18,16227
16-05-2020,3,16230
17-05-2020,3,16233
18-05-2020,9,16242
19-05-2020,3,16245
20-05-2020,11,16256
21-05-2020,14,16270
22-05-2020,7,16277
23-05-2020,1,16278
24-05-2020,3,16281
25-05-2020,4,16285
26-05-2020,11,16296
27-05-2020,5,16301
28-05-2020,10,16311
29-05-2020,6,16317
30-05-2020,3,16320
31-05-2020,3,16323
01-06-2020,4,16327
02-06-2020,12,16339
03-06-2020,6,16345
04-06-2020,4,16349
05-06-2020,8,16357
06-06-2020,5,16362
07-06-2020,3,16365
08-06-2020,9,16374
09-06-2020,12,16386
10-06-2020,9,16395
11-06-2020,8,16403
12-06-2020,7,16410
13-06-2020,5,16415
14-06-2020,4,16419
15-06-2020,10,16429
16-06-2020,10,16439
17-06-2020,8,16447
18-06-2020,9,16456
19-06-2020,7,16463
20-06-2020,6,16469
21-06-2020,5,16474
22-06-2020,8,16482
23-06-2020,13,16495
24-06-2020,1,16496
25-06-2020,8,16504
26-06-2020,11,16515
27-06-2020,1,16516
28-06-2020,8,16524
29-06-2020,14,16538
30-06-2020,12,16550
01-07-2020,11,16561
02-07-2020,14,16575
03-07-2020,13,16588
04-07-2020,4,16592
05-07-2020,12,16604
06-07-2020,8,16612
07-07-2020,10,16622
08-07-2020,9,16631
09-07-2020,11,16642
10-07-2020,7,16649
11-07-2020,6,16655
12-07-2020,7,16662
13-07-2020,1,16663
14-07-2020,5,16668
15-07-2020,13,16681
16-07-2020,8,16689
17-07-2020,7,16696
18-07-2020,1,16697
19-07-2020,3,16700
20-07-2020,4,16704
21-07-2020,9,16713
22-07-2020,4,16717
23-07-2020,10,16727
24-07-2020,6,16733
25-07-2020,3,16736
26-07-2020,7,16743
27-07-2020,11,16754
28-07-2020,7,16761
29-07-2020,4,16765
30-07-2020,6,16771
31-07-2020,11,16782
01-08-2020,9,16791
02-08-2020,4,16795
03-08-2020,10,16805
04-08-2020,11,16816
05-08-2020,6,16822
06-08-2020,9,16831
07-08-2020,10,16841
08-08-2020,4,16845
09-08-2020,5,16850
10-08-2020,6,16856
11-08-2020,3,16859
12-08-2020,8,16867
13-08-2020,8,16875
14-08-2020,11,16886
15-08-2020,5,16891
16-08-2020,8,16899
17-08-2020,8,16907
18-08-2020,3,16910
19-08-2020,13,16923
20-08-2020,5,16928
21-08-2020,12,16940
22-08-2020,6,16946
23-08-2020,4,16950
24-08-2020,6,16956
25-08-2020,9,16965
26-08-2020,12,16977
27-08-2020,6,16983
28-08-2020,8,16991
29-08-2020,7,16998
30-08-2020,7,17005
31-08-2020,5,17010
01-09-2020,5,17015
02-09-2020,5,17020
03-09-2020,9,17029
04-09-2020,6,17035
05-09-2020,5,17040
06-09-2020,3,17043
07-09-2020,7,17050
08-09-2020,14,17064
09-09-2020,9,17073
10-09-2020,7,17080
11-09-2020,9,17089
12-09-2020,5,17094
13-09-2020,7,17101
14-09-2020,5,17106
15-09-2020,6,17112
16-09-2020,5,17117
17-09-2020,11,17128
18-09-2020,11,17139
19-09-2020,5,17144
20-09-2020,3,17147
21-09-2020,11,17158
22-09-2020,9,17167
23-09-2020,11,17178
24-09-2020,5,17183
25-09-2020,10,17193
26-09-2020,3,17196
27-09-2020,7,17203
28-09-2020,5,17208
29-09-2020,3,17211
30-09-2020,6,17217
01-10-2020,9,17226
02-10-2020,2,17228
03-10-2020,3,17231
04-10-2020,6,17237
05-10-2020,6,17243
06-10-2020,4,17247
07-10-2020,2,17249
08-10-2020,7,17256
09-10-2020,3,17259
10-10-2020,11,17270
11-10-2020,2,17272
12-10-2020,7,17279
13-10-2020,6,17285
14-10-2020,10,17295
15-10-2020,12,17307
16-10-2020,8,17315
17-10-2020,4,17319
18-10-2020,6,17325
19-10-2020,11,17336
20-10-2020,9,17345
21-10-2020,9,17354
22-10-2020,8,17362
23-10-2020,5,17367
24-10-2020,7,17374
25-10-2020,4,17378
26-10-2020,6,17384
27-10-2020,15,17399
28-10-2020,6,17405
29-10-2020,9,17414
30-10-2020,5,17419
31-10-2020,3,17422
01-11-2020,4,17426
02-11-2020,7,17433
03-11-2020,7,17440
04-11-2020,7,17447
05-11-2020,6,17453
06-11-2020,5,17458
07-11-2020,4,17462
08-11-2020,5,17467
09-11-2020,7,17474
10-11-2020,13,17487
11-11-2020,8,17495
12-11-2020,8,17503
13-11-2020,4,17507
14-11-2020,5,17512
15-11-2020,4,17516
16-11-2020,11,17527
17-11-2020,15,17542
18-11-2020,7,17549
19-11-2020,8,17557
20-11-2020,4,17561
21-11-2020,7,17568
22-11-2020,7,17575
23-11-2020,9,17584
24-11-2020,5,17589
25-11-2020,13,17602
26-11-2020,4,17606
27-11-2020,6,17612
28-11-2020,0,17612
29-11-2020,3,17615
30-11-2020,9,17624
01-12-2020,6,17630
02-12-2020,7,17637
03-12-2020,8,17645
04-12-2020,9,17654
05-12-2020,2,17656
06-12-2020,7,17663
07-12-2020,8,17671
08-12-2020,9,17680
09-12-2020,6,17686
10-12-2020,9,17695
11-12-2020,12,17707
12-12-2020,3,17710
13-12-2020,4,17714
14-12-2020,9,17723
15-12-2020,10,17733
16-12-2020,7,17740
17-12-2020,6,17746
18-12-2020,9,17755
19-12-2020,4,17759
20-12-2020,0,17759
21-12-2020,4,17763
22-12-2020,9,17772
23-12-2020,11,17783
24-12-2020,6,17789
25-12-2020,3,17792
26-12-2020,4,17796
27-12-2020,2,17798
28-12-2020,8,17806
29-12-2020,10,17816
30-12-2020,5,17821
31-12-2020,3,17824
01-01-2021,6,17830
02-01-2021,7,17837
03-01-2021,8,17845
04-01-2021,3,17848
05-01-2021,5,17853
06-01-2021,11,17864
07-01-2021,13,17877
08-01-2021,6,17883
09-01-2021,1,17884
10-01-2021,6,17890
11-01-2021,12,17902
12-01-2021,19,17921
13-01-2021,4,17925
14-01-2021,13,17938
15-01-2021,8,17946
16-01-2021,6,17952
17-01-2021,7,17959
18-01-2021,9,17968
19-01-2021,8,17976
20-01-2021,7,17983
21-01-2021,4,17987
22-01-2021,7,17994
23-01-2021,7,18001
24-01-2021,2,18003
25-01-2021,5,18008
26-01-2021,5,18013
27-01-2021,10,18023
28-01-2021,11,18034
29-01-2021,7,18041
30-01-2021,6,18047
31-01-2021,6,18053
01-02-2021,5,18058
02-02-2021,14,18072
03-02-2021,14,18086
04-02-2021,7,18093
05-02-2021,14,18107
06-02-2021,6,18113
07-02-2021,7,18120
08-02-2021,8,18128
09-02-2021,8,18136
10-02-2021,7,18143
11-02-2021,9,18152
12-02-2021,5,18157
13-02-2021,1,18158
14-02-2021,3,18161
15-02-2021,5,18166
16-02-2021,6,18172
17-02-2021,6,18178
18-02-2021,9,18187
19-02-2021,8,18195
20-02-2021,8,18203
21-02-2021,4,18207
22-02-2021,11,18218
23-02-2021,8,18226
24-02-2021,13,18239
25-02-2021,3,18242
26-02-2021,11,18253
27-02-2021,5,18258
28-02-2021,7,18265
01-03-2021,7,18272
02-03-2021,8,18280
03-03-2021,5,18285
04-03-2021,7,18292
05-03-2021,11,18303
06-03-2021,6,18309
07-03-2021,0,18309
08-03-2021,4,18313
09-03-2021,9,18322
10-03-2021,8,18330
11-03-2021,6,18336
12-03-2021,15,18351
13-03-2021,4,18355
14-03-2021,4,18359
15-03-2021,5,18364
16-03-2021,5,18369
17-03-2021,4,18373
18-03-2021,10,18383
19-03-2021,10,18393
20-03-2021,4,18397
21-03-2021,4,18401
22-03-2021,6,18407
23-03-2021,7,18414
24-03-2021,11,18425
25-03-2021,10,18435
26-03-2021,4,18439
27-03-2021,2,18441
28-03-2021,4,18445
29-03-2021,6,18451
30-03-2021,6,18457
31-03-2021,5,18462
01-04-2021,8,18470
02-04-2021,2,18472
03-04-2021,1,18473
04-04-2021,1,18474
05-04-2021,5,18479
06-04-2021,6,18485
07-04-2021,5,18490
08-04-2021,7,18497
09-04-2021,6,18503
10-04-2021,0,18503
11-04-2021,6,18509
12-04-2021,5,18514
13-04-2021,7,18521
14-04-2021,11,18532
15-04-2021,6,18538
16-04-2021,4,18542
17-04-2021,6,18548
18-04-2021,6,18554
19-04-2021,5,18559
20-04-2021,6,18565
21-04-2021,10,18575
22-04-2021,5,18580
23-04-2021,3,18583
24-04-2021,2,18585
25-04-2021,6,18591
26-04-2021,7,18598
27-04-2021,12,18610
28-04-2021,10,18620
29-04-2021,7,18627
30-04-2021,7,18634
01-05-2021,3,18637
02-05-2021,3,18640
03-05-2021,7,18647
04-05-2021,3,18650
05-05-2021,10,18660
06-05-2021,11,18671
07-05-2021,7,18678
08-05-2021,2,18680
09-05-2021,5,18685
10-05-2021,8,18693
11-05-2021,7,18700
12-05-2021,9,18709
13-05-2021,10,18719
14-05-2021,13,18732
15-05-2021,6,18738
16-05-2021,6,18744
17-05-2021,6,18750
18-05-2021,14,18764
19-05-2021,8,18772
20-05-2021,7,18779
21-05-2021,12,18791
22-05-2021,1,18792
23-05-2021,2,18794
24-05-2021,9,18803
25-05-2021,5,18808
26-05-2021,7,18815
27-05-2021,9,18824
28-05-2021,10,18834
29-05-2021,4,18838
30-05-2021,4,18842
31-05-2021,4,18846
01-06-2021,9,18855
02-06-2021,13,18868
03-06-2021,10,18878
04-06-2021,3,18881
05-06-2021,6,18887
06-06-2021,0,18887
07-06-2021,8,18895
08-06-2021,10,18905
09-06-2021,3,18908
10-06-2021,2,18910
11-06-2021,3,18913
12-06-2021,3,18916
13-06-2021,5,18921
14-06-2021,8,18929
15-06-2021,9,18938
16-06-2021,7,18945
17-06-2021,4,18949
18-06-2021,6,18955
19-06-2021,2,18957
20-06-2021,7,18964
21-06-2021,6,18970
22-06-2021,6,18976
23-06-2021,9,18985
24-06-2021,8,18993
25-06-2021,10,19003
26-06-2021,2,19005
27-06-2021,8,19013
28-06-2021,8,19021
29-06-2021,6,19027
30-06-2021,17,19044
01-07-2021,6,19050
02-07-2021,13,19063
03-07-2021,2,19065
04-07-2021,5,19070
05-07-2021,10,19080
06-07-2021,7,19087
07-07-2021,9,19096
08-07-2021,13,19109
09-07-2021,11,19120
10-07-2021,4,19124
11-07-2021,1,19125
12-07-2021,10,19135
13-07-2021,7,19142
14-07-2021,9,19151
15-07-2021,10,19161
16-07-2021,9,19170
17-07-2021,3,19173
18-07-2021,1,19174
19-07-2021,11,19185
20-07-2021,8,19193
21-07-2021,8,19201
22-07-2021,10,19211
23-07-2021,11,19222
24-07-2021,2,19224
25-07-2021,9,19233
26-07-2021,5,19238
27-07-2021,8,19246
28-07-2021,11,19257
29-07-2021,6,19263
30-07-2021,5,19268
31-07-2021,2,19270
01-08-2021,5,19275
02-08-2021,4,19279
03-08-2021,5,19284
04-08-2021,7,19291
05-08-2021,9,19300
06-08-2021,6,19306
07-08-2021,6,19312
08-08-2021,2,19314
09-08-2021,5,19319
10-08-2021,6,19325
11-08-2021,7,19332
12-08-2021,6,19338
13-08-2021,7,19345
14-08-2021,2,19347
15-08-2021,5,19352
16-08-2021,2,19354
17-08-2021,6,19360
18-08-2021,15,19375
19-08-2021,7,19382
20-08-2021,4,19386
21-08-2021,4,19390
22-08-2021,8,19398
23-08-2021,7,19405
24-08-2021,9,19414
25-08-2021,6,19420
26-08-2021,6,19426
27-08-2021,14,19440
28-08-2021,2,19442
29-08-2021,4,19446
30-08-2021,6,19452
31-08-2021,9,19461
01-09-2021,10,19471
02-09-2021,7,19478
03-09-2021,7,19485
04-09-2021,3,19488
05-09-2021,0,19488
06-09-2021,9,19497
07-09-2021,7,19504
08-09-2021,7,19511
09-09-2021,13,19524
10-09-2021,7,19531
11-09-2021,5,19536
12-09-2021,3,19539
13-09-2021,8,19547
14-09-2021,11,19558
15-09-2021,9,19567
16-09-2021,4,19571
17-09-2021,3,19574
18-09-2021,5,19579
19-09-2021,7,19586
20-09-2021,7,19593
21-09-2021,6,19599
22-09-2021,9,19608
23-09-2021,8,19616
24-09-2021,7,19623
25-09-2021,3,19626
26-09-2021,7,19633
27-09-2021,6,19639
28-09-2021,4,19643
29-09-2021,7,19650
30-09-2021,2,19652
01-10-2021,7,19659
02-10-2021,0,19659
03-10-2021,1,19660
04-10-2021,3,19663
05-10-2021,3,19666
06-10-2021,4,19670
07-10-2021,0,19670
08-10-2021,5,19675
09-10-2021,3,19678
10-10-2021,7,19685
11-10-2021,11,19696
12-10-2021,9,19705
13-10-2021,10,19715
14-10-2021,7,19722
15-10-2021,6,19728
16-10-2021,5,19733
17-10-2021,2,19735
18-10-2021,5,19740
19-10-2021,5,19745
20-10-2021,8,19753
21-10-2021,4,19757
22-10-2021,9,19766
23-10-2021,7,19773
24-10-2021,4,19777
25-10-2021,8,19785
26-10-2021,6,19791
27-10-2021,6,19797
28-10-2021,5,19802
29-10-2021,6,19808
30-10-2021,5,19813
31-10-2021,7,19820
01-11-2021,9,19829
02-11-2021,8,19837
03-11-2021,7,19844
04-11-2021,6,19850
05-11-2021,3,19853
06-11-2021,1,19854
07-11-2021,5,19859
08-11-2021,9,19868
09-11-2021,4,19872
10-11-2021,8,19880
11-11-2021,7,19887
12-11-2021,4,19891
13-11-2021,2,19893
14-11-2021,8,19901
15-11-2021,9,19910
16-11-2021,10,19920
17-11-2021,7,19927
18-11-2021,6,19933
19-11-2021,7,19940
20-11-2021,2,19942
21-11-2021,7,19949
22-11-2021,4,19953
23-11-2021,9,19962
24-11-2021,14,19976
25-11-2021,4,19980
26-11-2021,6,19986
27-11-2021,5,19991
28-11-2021,7,19998
29-11-2021,6,20004
30-11-2021,9,20013
01-12-2021,8,20021
02-12-2021,11,20032
03-12-2021,13,20045
04-12-2021,4,20049
05-12-2021,4,20053
06-12-2021,5,20058
07-12-2021,12,20070
08-12-2021,8,20078
09-12-2021,11,20089
10-12-2021,14,20103
11-12-2021,5,20108
12-12-2021,6,20114
13-12-2021,11,20125
14-12-2021,10,20135
15-12-2021,9,20144
16-12-2021,4,20148
17-12-2021,7,20155
18-12-2021,12,20167
19-12-2021,3,20170
20-12-2021,4,20174
21-12-2021,6,20180
22-12-2021,6,20186
23-12-2021,1,20187
24-12-2021,5,20192
25-12-2021,4,20196
26-12-2021,1,20197
27-12-2021,7,20204
28-12-2021,5,20209
29-12-2021,5,20214
30-12-2021,3,20217
31-12-2021,8,20225
01-01-2022,2,20227
02-01-2022,1,20228
03-01-2022,1,20229
04-01-2022,11,20240
05-01-2022,4,20244
06-01-2022,8,20252
07-01-2022,6,20258
08-01-2022,2,20260
09-01-2022,6,20266
10-01-2022,9,20275
11-01-2022,10,20285
12-01-2022,7,20292
13-01-2022,4,20296
14-01-2022,6,20302
15-01-2022,3,20305
16-01-2022,4,20309
17-01-2022,2,20311
18-01-2022,9,20320
19-01-2022,7,20327
20-01-2022,12,20339
21-01-2022,8,20347
22-01-2022,5,20352
23-01-2022,2,20354
24-01-2022,12,20366
25-01-2022,11,20377
26-01-2022,7,20384
27-01-2022,2,20386
28-01-2022,8,20394
29-01-2022,6,20400
30-01-2022,7,20407
31-01-2022,3,20410
01-02-2022,7,20417
02-02-2022,9,20426
03-02-2022,11,20437
04-02-2022,4,20441
05-02-2022,4,20445
06-02-2022,2,20447
07-02-2022,7,20454
08-02-2022,8,20462
09-02-2022,7,20469
10-02-2022,5,20474
11-02-2022,2,20476
12-02-2022,9,20485
13-02-2022,8,20493
14-02-2022,10,20503
15-02-2022,10,20513
16-02-2022,10,20523
17-02-2022,8,20531
18-02-2022,7,20538
19-02-2022,7,20545
20-02-2022,4,20549
21-02-2022,6,20555
22-02-2022,7,20562
23-02-2022,3,20565
24-02-2022,6,20571
25-02-2022,7,20578
26-02-2022,3,20581
27-02-2022,2,20583
28-02-2022,4,20587
01-03-2022,10,20597
02-03-2022,10,20607
03-03-2022,7,20614
04-03-2022,10,20624
05-03-2022,5,20629
06-03-2022,4,20633
07-03-2022,7,20640
08-03-2022,5,20645
09-03-2022,9,20654
10-03-2022,7,20661
11-03-2022,6,20667
12-03-2022,5,20672
13-03-2022,6,20678
14-03-2022,7,20685
15-03-2022,5,20690
16-03-2022,5,20695
17-03-2022,5,20700
18-03-2022,6,20706
19-03-2022,12,20718
20-03-2022,4,20722
21-03-2022,9,20731
22-03-2022,8,20739
23-03-2022,10,20749
24-03-2022,12,20761
25-03-2022,8,20769
26-03-2022,5,20774
27-03-2022,4,20778
28-03-2022,2,20780
29-03-2022,9,20789
30-03-2022,8,20797
31-03-2022,9,20806
01-04-2022,12,20818
02-04-2022,2,20820
03-04-2022,1,20821
04-04-2022,8,20829
05-04-2022,7,20836
06-04-2022,11,20847
07-04-2022,5,20852
08-04-2022,8,20860
09-04-2022,6,20866
10-04-2022,4,20870
11-04-2022,13,20883
12-04-2022,13,20896
13-04-2022,11,20907
14-04-2022,10,20917
15-04-2022,5,20922
16-04-2022,8,20930
17-04-2022,7,20937
18-04-2022,8,20945
19-04-2022,6,20951
20-04-2022,3,20954
21-04-2022,2,20956
22-04-2022,6,20962
23-04-2022,5,20967
24-04-2022,5,20972
25-04-2022,15,20987
26-04-2022,8,20995
27-04-2022,13,21008
28-04-2022,8,21016
29-04-2022,11,21027
30-04-2022,2,21029
01-05-2022,5,21034
02-05-2022,6,21040
03-05-2022,5,21045
04-05-2022,11,21056
05-05-2022,11,21067
06-05-2022,5,21072
07-05-2022,6,21078
08-05-2022,2,21080
09-05-2022,4,21084
10-05-2022,2,21086
11-05-2022,7,21093
12-05-2022,15,21108
13-05-2022,8,21116
14-05-2022,8,21124
15-05-2022,4,21128
16-05-2022,9,21137
17-05-2022,7,21144
18-05-2022,9,21153
19-05-2022,13,21166
20-05-2022,15,21181
21-05-2022,7,21188
22-05-2022,2,21190
23-05-2022,18,21208
24-05-2022,20,21228
25-05-2022,17,21245
26-05-2022,22,21267
27-05-2022,11,21278
28-05-2022,4,21282
29-05-2022,6,21288
30-05-2022,10,21298
31-05-2022,11,21309
01-06-2022,12,21321
02-06-2022,9,21330
03-06-2022,8,21338
04-06-2022,5,21343
05-06-2022,4,21347
06-06-2022,12,21359
07-06-2022,8,21367
08-06-2022,12,21379
09-06-2022,10,21389
10-06-2022,7,21396
11-06-2022,3,21399
12-06-2022,3,21402
13-06-2022,3,21405
14-06-2022,11,21416
15-06-2022,10,21426
16-06-2022,8,21434
17-06-2022,8,21442
18-06-2022,7,21449
19-06-2022,3,21452
20-06-2022,8,21460
21-06-2022,11,21471
22-06-2022,13,21484
23-06-2022,11,21495
24-06-2022,11,21506
25-06-2022,3,21509
26-06-2022,4,21513
27-06-2022,5,21518
28-06-2022,6,21524
29-06-2022,9,21533
30-06-2022,6,21539
01-07-2022,13,21552
02-07-2022,4,21556
03-07-2022,2,21558
04-07-2022,9,21567
05-07-2022,7,21574
06-07-2022,3,21577
07-07-2022,7,21584
08-07-2022,11,21595
09-07-2022,4,21599
10-07-2022,4,21603
11-07-2022,6,21609
12-07-2022,6,21615
13-07-2022,12,21627
14-07-2022,10,21637
15-07-2022,14,21651
16-07-2022,10,21661
17-07-2022,2,21663
18-07-2022,5,21668
19-07-2022,8,21676
20-07-2022,5,21681
21-07-2022,9,21690
22-07-2022,7,21697
23-07-2022,8,21705
24-07-2022,4,21709
25-07-2022,7,21716
26-07-2022,11,21727
27-07-2022,10,21737
28-07-2022,4,21741
29-07-2022,7,21748
30-07-2022,5,21753
31-07-2022,4,21757
01-08-2022,9,21766
02-08-2022,5,21771
03-08-2022,7,21778
04-08-2022,6,21784
05-08-2022,9,21793
06-08-2022,4,21797
07-08-2022,4,21801
08-08-2022,6,21807
09-08-2022,6,21813
10-08-2022,8,21821
11-08-2022,11,21832
12-08-2022,6,21838
13-08-2022,7,21845
14-08-2022,6,21851
15-08-2022,9,21860
16-08-2022,8,21868
17-08-2022,3,21871
18-08-2022,6,21877
19-08-2022,6,21883
20-08-2022,5,21888
21-08-2022,4,21892
22-08-2022,8,21900
23-08-2022,10,21910
24-08-2022,14,21924
25-08-2022,4,21928
26-08-2022,8,21936
27-08-2022,3,21939
28-08-2022,5,21944
29-08-2022,4,21948
30-08-2022,7,21955
31-08-2022,8,21963
01-09-2022,5,21968
02-09-2022,9,21977
03-09-2022,3,21980
04-09-2022,6,21986
05-09-2022,5,21991
06-09-2022,9,22000
07-09-2022,4,22004
08-09-2022,4,22008
09-09-2022,12,22020
10-09-2022,5,22025
11-09-2022,2,22027
12-09-2022,4,22031
13-09-2022,6,22037
14-09-2022,4,22041
15-09-2022,6,22047
16-09-2022,9,22056
17-09-2022,6,22062
18-09-2022,4,22066
19-09-2022,4,22070
20-09-2022,6,22076
21-09-2022,5,22081
22-09-2022,8,22089
23-09-2022,7,22096
24-09-2022,8,22104
25-09-2022,7,22111
26-09-2022,5,22116
27-09-2022,9,22125
28-09-2022,7,22132
29-09-2022,4,22136
30-09-2022,6,22142
01-10-2022,2,22144
02-10-2022,5,22149
03-10-2022,2,22151
04-10-2022,0,22151
05-10-2022,7,22158
06-10-2022,47,22205
07-10-2022,43,22248
08-10-2022,29,22277
09-10-2022,5,22282
10-10-2022,10,22292
11-10-2022,4,22296
12-10-2022,6,22302
13-10-2022,5,22307
14-10-2022,4,22311
15-10-2022,3,22314
16-10-2022,4,22318
17-10-2022,5,22323
18-10-2022,4,22327
19-10-2022,10,22337
20-10-2022,8,22345
21-10-2022,10,22355
22-10-2022,8,22363
23-10-2022,5,22368
24-10-2022,7,22375
25-10-2022,9,22384
26-10-2022,4,22388
27-10-2022,14,22402
28-10-2022,4,22406
29-10-2022,10,22416
30-10-2022,9,22425
31-10-2022,11,22436
01-11-2022,6,22442
02-11-2022,7,22449
03-11-2022,6,22455
04-11-2022,2,22457
05-11-2022,2,22459
06-11-2022,1,22460
07-11-2022,12,22472
08-11-2022,3,22475
09-11-2022,3,22478
10-11-2022,5,22483
11-11-2022,7,22490
12-11-2022,3,22493
13-11-2022,3,22496
14-11-2022,10,22506
15-11-2022,45,22551
16-11-2022,61,22612
17-11-2022,15,22627
18-11-2022,9,22636
19-11-2022,5,22641
20-11-2022,8,22649
21-11-2022,7,22656
22-11-2022,13,22669
23-11-2022,3,22672
24-11-2022,4,22676
25-11-2022,13,22689
26-11-2022,7,22696
27-11-2022,2,22698
28-11-2022,3,22701
29-11-2022,9,22710
30-11-2022,9,22719
01-12-2022,4,22723
02-12-2022,7,22730
03-12-2022,4,22734
04-12-2022,4,22738
05-12-2022,7,22745
06-12-2022,11,22756
07-12-2022,7,22763
08-12-2022,3,22766
09-12-2022,6,22772
10-12-2022,4,22776
11-12-2022,4,22780
12-12-2022,6,22786
13-12-2022,10,22796
14-12-2022,4,22800
15-12-2022,4,22804
16-12-2022,5,22809
17-12-2022,3,22812
18-12-2022,3,22815
19-12-2022,9,22824
20-12-2022,7,22831
21-12-2022,11,22842
22-12-2022,5,22847
23-12-2022,7,22854
24-12-2022,3,22857
25-12-2022,0,22857
26-12-2022,2,22859
27-12-2022,6,22865
28-12-2022,6,22871
29-12-2022,7,22878
30-12-2022,5,22883
31-12-2022,3,22886
01-01-2023,3,22889
02-01-2023,2,22891
03-01-2023,4,22895
04-01-2023,11,22906
05-01-2023,6,22912
06-01-2023,6,22918
07-01-2023,0,22918
08-01-2023,0,22918
09-01-2023,4,22922
10-01-2023,5,22927
11-01-2023,3,22930
12-01-2023,2,22932
13-01-2023,4,22936
14-01-2023,8,22944
15-01-2023,1,22945
16-01-2023,4,22949
17-01-2023,9,22958
18-01-2023,9,22967
19-01-2023,5,22972
20-01-2023,2,22974
21-01-2023,2,22976
22-01-2023,5,22981
23-01-2023,5,22986
24-01-2023,6,22992
25-01-2023,2,22994
26-01-2023,5,22999
27-01-2023,5,23004
28-01-2023,3,23007
29-01-2023,8,23015
30-01-2023,6,23021
31-01-2023,13,23034
01-02-2023,54,23088
02-02-2023,61,23149
03-02-2023,11,23160
04-02-2023,7,23167
05-02-2023,4,23171
06-02-2023,12,23183
07-02-2023,8,23191
08-02-2023,13,23204
09-02-2023,8,23212
10-02-2023,8,23220
11-02-2023,5,23225
12-02-2023,6,23231
13-02-2023,9,23240
14-02-2023,8,23248
15-02-2023,10,23258
16-02-2023,8,23266
17-02-2023,9,23275
18-02-2023,5,23280
19-02-2023,5,23285
20-02-2023,7,23292
21-02-2023,12,23304
22-02-2023,10,23314
23-02-2023,14,23328
24-02-2023,4,23332
25-02-2023,1,23333
26-02-2023,7,23340
27-02-2023,8,23348
28-02-2023,10,23358
01-03-2023,9,23367
02-03-2023,12,23379
03-03-2023,5,23384
04-03-2023,5,23389
05-03-2023,5,23394
06-03-2023,6,23400
07-03-2023,9,23409
08-03-2023,7,23416
09-03-2023,5,23421
10-03-2023,10,23431
11-03-2023,8,23439
12-03-2023,6,23445
13-03-2023,4,23449
14-03-2023,7,23456
15-03-2023,7,23463
16-03-2023,6,23469
17-03-2023,11,23480
18-03-2023,2,23482
19-03-2023,3,23485
20-03-2023,7,23492
21-03-2023,10,23502
22-03-2023,11,23513
23-03-2023,8,23521
24-03-2023,1,23522
25-03-2023,6,23528
26-03-2023,1,23529
27-03-2023,14,23543
28-03-2023,13,23556
29-03-2023,8,23564
30-03-2023,7,23571
31-03-2023,8,23579
01-04-2023,4,23583
02-04-2023,3,23586
03-04-2023,9,23595
04-04-2023,15,23610
05-04-2023,5,23615
06-04-2023,11,23626
07-04-2023,7,23633
08-04-2023,2,23635
09-04-2023,4,23639
10-04-2023,10,23649
11-04-2023,5,23654
12-04-2023,9,23663
13-04-2023,8,23671
14-04-2023,3,23674
15-04-2023,4,23678
16-04-2023,4,23682
17-04-2023,14,23696
18-04-2023,6,23702
19-04-2023,7,23709
20-04-2023,9,23718
21-04-2023,9,23727
22-04-2023,5,23732
23-04-2023,5,23737
24-04-2023,4,23741
25-04-2023,6,23747
26-04-2023,8,23755
27-04-2023,6,23761
28-04-2023,6,23767
29-04-2023,3,23770
30-04-2023,5,23775
01-05-2023,3,23778
02-05-2023,5,23783
03-05-2023,3,23786
04-05-2023,7,23793
05-05-2023,1,23794
06-05-2023,4,23798
07-05-2023,3,23801
08-05-2023,12,23813
09-05-2023,8,23821
10-05-2023,7,23828
11-05-2023,10,23838
12-05-2023,12,23850
13-05-2023,6,23856
14-05-2023,2,23858
15-05-2023,8,23866
16-05-2023,6,23872
17-05-2023,6,23878
18-05-2023,9,23887
19-05-2023,3,23890
20-05-2023,5,23895
21-05-2023,4,23899
22-05-2023,6,23905
23-05-2023,7,23912
24-05-2023,9,23921
25-05-2023,4,23925
26-05-2023,6,23931
27-05-2023,3,23934
28-05-2023,3,23937
29-05-2023,8,23945
30-05-2023,9,23954
31-05-2023,5,23959
01-06-2023,10,23969
02-06-2023,5,23974
03-06-2023,6,23980
04-06-2023,5,23985
05-06-2023,5,23990
06-06-2023,8,23998
07-06-2023,14,24012
08-06-2023,10,24022
09-06-2023,6,24028
10-06-2023,4,24032
11-06-2023,2,24034
12-06-2023,5,24039
13-06-2023,7,24046
14-06-2023,10,24056
15-06-2023,10,24066
16-06-2023,4,24070
17-06-2023,4,24074
18-06-2023,3,24077
19-06-2023,2,24079
20-06-2023,12,24091
21-06-2023,5,24096
22-06-2023,2,24098
23-06-2023,1,24099
24-06-2023,7,24106
25-06-2023,8,24114
26-06-2023,8,24122
27-06-2023,12,24134
28-06-2023,6,24140
29-06-2023,6,24146
30-06-2023,4,24150
01-07-2023,2,24152
02-07-2023,2,24154
03-07-2023,4,24158
04-07-2023,5,24163
05-07-2023,3,24166
06-07-2023,9,24175
07-07-2023,6,24181
08-07-2023,5,24186
09-07-2023,4,24190
10-07-2023,10,24200
11-07-2023,5,24205
12-07-2023,7,24212
13-07-2023,8,24220
14-07-2023,5,24225
15-07-2023,5,24230
16-07-2023,6,24236
17-07-2023,3,24239
18-07-2023,7,24246
19-07-2023,6,24252
20-07-2023,3,24255
21-07-2023,7,24262
22-07-2023,3,24265
23-07-2023,4,24269
24-07-2023,9,24278
25-07-2023,6,24284
26-07-2023,7,24291
27-07-2023,6,24297
28-07-2023,7,24304
29-07-2023,6,24310
30-07-2023,2,24312
31-07-2023,7,24319
01-08-2023,5,24324
02-08-2023,6,24330
03-08-2023,8,24338
04-08-2023,5,24343
05-08-2023,5,24348
06-08-2023,8,24356
07-08-2023,7,24363
08-08-2023,8,24371
09-08-2023,4,24375
10-08-2023,8,24383
11-08-2023,6,24389
12-08-2023,4,24393
13-08-2023,2,24395
14-08-2023,5,24400
15-08-2023,5,24405
16-08-2023,3,24408
17-08-2023,4,24412
18-08-2023,5,24417
19-08-2023,8,24425
20-08-2023,6,24431
21-08-2023,5,24436
22-08-2023,6,24442
23-08-2023,4,24446
24-08-2023,7,24453
25-08-2023,9,24462
26-08-2023,4,24466
27-08-2023,3,24469
28-08-2023,8,24477
29-08-2023,3,24480
30-08-2023,4,24484
31-08-2023,4,24488
01-09-2023,2,24490
02-09-2023,5,24495
03-09-2023,2,24497
04-09-2023,5,24502
05-09-2023,6,24508
06-09-2023,5,24513
07-09-2023,5,24518
08-09-2023,3,24521
09-09-2023,6,24527
10-09-2023,3,24530
11-09-2023,7,24537
12-09-2023,4,24541
13-09-2023,3,24544
14-09-2023,9,24553
15-09-2023,4,24557
16-09-2023,3,24560
17-09-2023,3,24563
18-09-2023,3,24566
19-09-2023,3,24569
20-09-2023,4,24573
21-09-2023,3,24576
22-09-2023,4,24580
23-09-2023,2,24582
24-09-2023,4,24586
25-09-2023,4,24590
26-09-2023,3,24593
27-09-2023,8,24601
28-09-2023,4,24605
29-09-2023,5,24610
30-09-2023,8,24618
01-10-2023,5,24623
02-10-2023,8,24631
03-10-2023,4,24635
04-10-2023,8,24643
05-10-2023,8,24651
06-10-2023,6,24657
07-10-2023,4,24661
08-10-2023,2,24663
09-10-2023,6,24669
10-10-2023,8,24677
11-10-2023,1,24678
12-10-2023,5,24683
13-10-2023,6,24689
14-10-2023,4,24693
15-10-2023,4,24697
16-10-2023,5,24702
17-10-2023,4,24706
18-10-2023,1,24707
19-10-2023,8,24715
20-10-2023,6,24721
21-10-2023,4,24725
22-10-2023,6,24731
23-10-2023,4,24735
24-10-2023,5,24740
25-10-2023,12,24752
26-10-2023,4,24756
27-10-2023,9,24765
28-10-2023,4,24769
29-10-2023,4,24773
30-10-2023,8,24781
31-10-2023,9,24790
01-11-2023,10,24800
02-11-2023,9,24809
03-11-2023,9,24818
04-11-2023,3,24821
05-11-2023,8,24829
06-11-2023,7,24836
07-11-2023,8,24844
08-11-2023,9,24853
09-11-2023,4,24857
10-11-2023,4,24861
11-11-2023,3,24864
12-11-2023,3,24867
13-11-2023,5,24872
14-11-2023,6,24878
15-11-2023,4,24882
16-11-2023,6,24888
17-11-2023,6,24894
18-11-2023,6,24900
19-11-2023,3,24903
20-11-2023,3,24906
21-11-2023,5,24911
22-11-2023,7,24918
23-11-2023,3,24921
24-11-2023,5,24926
25-11-2023,3,24929
26-11-2023,3,24932
27-11-2023,3,24935
28-11-2023,8,24943
29-11-2023,8,24951
30-11-2023,3,24954
01-12-2023,4,24958
02-12-2023,4,24962
03-12-2023,2,24964
04-12-2023,4,24968
05-12-2023,3,24971
06-12-2023,4,24975
07-12-2023,8,24983
08-12-2023,3,24986
09-12-2023,0,24986
10-12-2023,4,24990
11-12-2023,1,24991
12-12-2023,4,24995
13-12-2023,8,25003
14-12-2023,4,25007
15-12-2023,3,25010
16-12-2023,8,25018
17-12-2023,4,25022
18-12-2023,6,25028
19-12-2023,6,25034
20-12-2023,3,25037
21-12-2023,12,25049
22-12-2023,6,25055
23-12-2023,2,25057
24-12-2023,1,25058
25-12-2023,3,25061
26-12-2023,9,25070
27-12-2023,5,25075
28-12-2023,11,25086
29-12-2023,6,25092
30-12-2023,4,25096
31-12-2023,3,25099
01-01-2024,3,25102
02-01-2024,3,25105
03-01-2024,11,25116
04-01-2024,5,25121
05-01-2024,3,25124
06-01-2024,4,25128
07-01-2024,3,25131
08-01-2024,4,25135
09-01-2024,4,25139
10-01-2024,4,25143
11-01-2024,6,25149
12-01-2024,4,25153
13-01-2024,6,25159
14-01-2024,8,25167
15-01-2024,3,25170
16-01-2024,14,25184
17-01-2024,14,25198
18-01-2024,8,25206
19-01-2024,8,25214
20-01-2024,8,25222
21-01-2024,5,25227
22-01-2024,5,25232
23-01-2024,8,25240
24-01-2024,7,25247
25-01-2024,6,25253
26-01-2024,7,25260
27-01-2024,8,25268
28-01-2024,3,25271
29-01-2024,6,25277
30-01-2024,5,25282
31-01-2024,13,25295
01-02-2024,14,25309
02-02-2024,12,25321
03-02-2024,10,25331
04-02-2024,7,25338
05-02-2024,7,25345
06-02-2024,4,25349
07-02-2024,8,25357
08-02-2024,6,25363
09-02-2024,5,25368
10-02-2024,4,25372
11-02-2024,0,25372
12-02-2024,4,25376
13-02-2024,7,25383
14-02-2024,5,25388
15-02-2024,8,25396
16-02-2024,5,25401
17-02-2024,13,25414
18-02-2024,9,25423
19-02-2024,10,25433
20-02-2024,3,25436
21-02-2024,8,25444
22-02-2024,12,25456
23-02-2024,1,25457
24-02-2024,2,25459
25-02-2024,4,25463
26-02-2024,4,25467
27-02-2024,9,25476
28-02-2024,6,25482
29-02-2024,12,25494
01-03-2024,1,25495
02-03-2024,4,25499
03-03-2024,3,25502
04-03-2024,4,25506
05-03-2024,9,25515
06-03-2024,6,25521
07-03-2024,7,25528
08-03-2024,4,25532
09-03-2024,3,25535
10-03-2024,3,25538
11-03-2024,3,25541
12-03-2024,4,25545
13-03-2024,10,25555
14-03-2024,8,25563
15-03-2024,13,25576
16-03-2024,6,25582
17-03-2024,5,25587
18-03-2024,11,25598
19-03-2024,9,25607
20-03-2024,9,25616
21-03-2024,4,25620
22-03-2024,6,25626
23-03-2024,3,25629
24-03-2024,5,25634
25-03-2024,11,25645
26-03-2024,7,25652
27-03-2024,2,25654
28-03-2024,2,25656
29-03-2024,10,25666
30-03-2024,8,25674
31-03-2024,4,25678
01-04-2024,6,25684
02-04-2024,7,25691
03-04-2024,4,25695
04-04-2024,4,25699
05-04-2024,4,25703
06-04-2024,2,25705
07-04-2024,2,25707
08-04-2024,8,25715
09-04-2024,8,25723
10-04-2024,5,25728
11-04-2024,10,25738
12-04-2024,5,25743
13-04-2024,4,25747
14-04-2024,5,25752
15-04-2024,3,25755
16-04-2024,8,25763
17-04-2024,9,25772
18-04-2024,8,25780
19-04-2024,11,25791
20-04-2024,4,25795
21-04-2024,3,25798
22-04-2024,7,25805
23-04-2024,8,25813
24-04-2024,4,25817
25-04-2024,1,25818
26-04-2024,6,25824
27-04-2024,6,25830
28-04-2024,5,25835
29-04-2024,6,25841
30-04-2024,5,25846
01-05-2024,5,25851
02-05-2024,2,25853
03-05-2024,10,25863
04-05-2024,5,25868
05-05-2024,3,25871
06-05-2024,2,25873
07-05-2024,5,25878
08-05-2024,5,25883
09-05-2024,5,25888
10-05-2024,8,25896
11-05-2024,4,25900
12-05-2024,2,25902
13-05-2024,4,25906
14-05-2024,3,25909
15-05-2024,2,25911
16-05-2024,10,25921
17-05-2024,5,25926
18-05-2024,1,25927
19-05-2024,3,25930
20-05-2024,9,25939
21-05-2024,7,25946
22-05-2024,4,25950
23-05-2024,4,25954
24-05-2024,6,25960
25-05-2024,2,25962
26-05-2024,0,25962
27-05-2024,3,25965
28-05-2024,7,25972
29-05-2024,3,25975
30-05-2024,9,25984
31-05-2024,6,25990
01-06-2024,8,25998
02-06-2024,3,26001
03-06-2024,4,26005
04-06-2024,9,26014
05-06-2024,4,26018
06-06-2024,5,26023
07-06-2024,4,26027
08-06-2024,5,26032
09-06-2024,3,26035
10-06-2024,4,26039
11-06-2024,3,26042
12-06-2024,10,26052
13-06-2024,4,26056
14-06-2024,3,26059
15-06-2024,3,26062
16-06-2024,7,26069
17-06-2024,4,26073
18-06-2024,10,26083
19-06-2024,8,26091
20-06-2024,5,26096
21-06-2024,5,26101
22-06-2024,3,26104
23-06-2024,6,26110
24-06-2024,2,26112
25-06-2024,4,26116
26-06-2024,5,26121
27-06-2024,7,26128
28-06-2024,2,26130
29-06-2024,5,26135
30-06-2024,1,26136
01-07-2024,9,26145
02-07-2024,7,26152
03-07-2024,7,26159
04-07-2024,6,26165
05-07-2024,3,26168
06-07-2024,2,26170
07-07-2024,5,26175
08-07-2024,6,26181
09-07-2024,9,26190
10-07-2024,55,26245
11-07-2024,49,26294
12-07-2024,11,26305
13-07-2024,8,26313
14-07-2024,5,26318
15-07-2024,6,26324
16-07-2024,5,26329
17-07-2024,3,26332
18-07-2024,5,26337
19-07-2024,10,26347
20-07-2024,3,26350
21-07-2024,5,26355
22-07-2024,7,26362
23-07-2024,7,26369
24-07-2024,9,26378
25-07-2024,10,26388
26-07-2024,5,26393
27-07-2024,2,26395
28-07-2024,5,26400
29-07-2024,4,26404
30-07-2024,9,26413
31-07-2024,5,26418
01-08-2024,9,26427
02-08-2024,3,26430
03-08-2024,5,26435
04-08-2024,4,26439
05-08-2024,8,26447
06-08-2024,6,26453
07-08-2024,3,26456
08-08-2024,10,26466
09-08-2024,4,26470
10-08-2024,4,26474
11-08-2024,5,26479
12-08-2024,5,26484
13-08-2024,8,26492
14-08-2024,9,26501
15-08-2024,12,26513
16-08-2024,11,26524
17-08-2024,6,26530
18-08-2024,3,26533
19-08-2024,7,26540
20-08-2024,8,26548
21-08-2024,7,26555
22-08-2024,9,26564
23-08-2024,4,26568
24-08-2024,4,26572
25-08-2024,5,26577
26-08-2024,3,26580
27-08-2024,5,26585
28-08-2024,5,26590
29-08-2024,5,26595
30-08-2024,9,26604
31-08-2024,2,26606
01-09-2024,4,26610
02-09-2024,10,26620
03-09-2024,5,26625
04-09-2024,7,26632
05-09-2024,9,26641
06-09-2024,6,26647
07-09-2024,4,26651
08-09-2024,6,26657
09-09-2024,4,26661
10-09-2024,4,26665
11-09-2024,6,26671
12-09-2024,5,26676
13-09-2024,5,26681
14-09-2024,4,26685
15-09-2024,5,26690
16-09-2024,5,26695
17-09-2024,3,26698
18-09-2024,4,26702
19-09-2024,7,26709
20-09-2024,3,26712
21-09-2024,2,26714
22-09-2024,5,26719
23-09-2024,3,26722
24-09-2024,3,26725
25-09-2024,6,26731
26-09-2024,5,26736
27-09-2024,4,26740
28-09-2024,7,26747
29-09-2024,4,26751
30-09-2024,5,26756
01-10-2024,9,26765
02-10-2024,7,26772
03-10-2024,3,26775
04-10-2024,6,26781
05-10-2024,2,26783
06-10-2024,2,26785
07-10-2024,1,26786
08-10-2024,7,26793
09-10-2024,5,26798
10-10-2024,6,26804
11-10-2024,8,26812
12-10-2024,4,26816
13-10-2024,7,26823
14-10-2024,8,26831
15-10-2024,5,26836
16-10-2024,8,26844
17-10-2024,11,26855
18-10-2024,7,26862
19-10-2024,4,26866
20-10-2024,5,26871
21-10-2024,4,26875
22-10-2024,11,26886
23-10-2024,7,26893
24-10-2024,5,26898
25-10-2024,1,26899
26-10-2024,8,26907
27-10-2024,6,26913
28-10-2024,3,26916
29-10-2024,8,26924
30-10-2024,8,26932
31-10-2024,6,26938
01-11-2024,10,26948
02-11-2024,4,26952
03-11-2024,5,26957
04-11-2024,4,26961
05-11-2024,6,26967
06-11-2024,5,26972
07-11-2024,14,26986
08-11-2024,7,26993
09-11-2024,5,26998
10-11-2024,5,27003
11-11-2024,4,27007
12-11-2024,6,27013
13-11-2024,6,27019
14-11-2024,8,27027
15-11-2024,4,27031
16-11-2024,3,27034
17-11-2024,5,27039
18-11-2024,5,27044
19-11-2024,5,27049
20-11-2024,6,27055
21-11-2024,7,27062
22-11-2024,5,27067
23-11-2024,6,27073
24-11-2024,0,27073
25-11-2024,2,27075
26-11-2024,4,27079
27-11-2024,4,27083
28-11-2024,4,27087
29-11-2024,6,27093
30-11-2024,3,27096
01-12-2024,2,27098
02-12-2024,4,27102
03-12-2024,5,27107
04-12-2024,4,27111
05-12-2024,8,27119
06-12-2024,9,27128
07-12-2024,4,27132
08-12-2024,2,27134
09-12-2024,1,27135
10-12-2024,4,27139
11-12-2024,3,27142
12-12-2024,7,27149
13-12-2024,7,27156
14-12-2024,2,27158
15-12-2024,5,27163
16-12-2024,6,27169
17-12-2024,3,27172
18-12-2024,6,27178
19-12-2024,6,27184
20-12-2024,2,27186
21-12-2024,3,27189
22-12-2024,3,27192
23-12-2024,6,27198
24-12-2024,2,27200
25-12-2024,2,27202
26-12-2024,7,27209
27-12-2024,7,27216
28-12-2024,3,27219
29-12-2024,3,27222
30-12-2024,6,27228
31-12-2024,3,27231
01-01-2025,1,27232
02-01-2025,6,27238
03-01-2025,9,27247
04-01-2025,9,27256
05-01-2025,6,27262
06-01-2025,0,27262